species,run,scan_id,plant_age_days,wave_number,plant_qr_code,species_name,scan_path
wheat,20250328_Charlotte_Rambla_EDPIE_Feb_2025,10213664,5,1,3XW6ALG20Z,Wheat,./images_downloader_output/images/Wave1/Day5_2025-01-29/3XW6ALG20Z
wheat,20250328_Charlotte_Rambla_EDPIE_Feb_2025,10215103,5,1,6FCA71XYXH,Wheat,./images_downloader_output/images/Wave1/Day5_2025-01-29/6FCA71XYXH
wheat,20250328_Charlotte_Rambla_EDPIE_Feb_2025,10216543,5,1,9KPU87UHQS,Wheat,./images_downloader_output/images/Wave1/Day5_2025-01-29/9KPU87UHQS
wheat,20250328_Charlotte_Rambla_EDPIE_Feb_2025,10217191,5,1,ASVL23ATET,Wheat,./images_downloader_output/images/Wave1/Day5_2025-01-29/ASVL23ATET
wheat,20250328_Charlotte_Rambla_EDPIE_Feb_2025,10219927,5,1,I8XHHWGOLE,Wheat,./images_downloader_output/images/Wave1/Day5_2025-01-29/I8XHHWGOLE
wheat,20250328_Charlotte_Rambla_EDPIE_Feb_2025,10222663,5,1,Q7A1BIZ09S,Wheat,./images_downloader_output/images/Wave1/Day5_2025-01-29/Q7A1BIZ09S
wheat,20250328_Charlotte_Rambla_EDPIE_Feb_2025,10223023,5,1,S3U6FKWD25,Wheat,./images_downloader_output/images/Wave1/Day5_2025-01-29/S3U6FKWD25
wheat,20250328_Charlotte_Rambla_EDPIE_Feb_2025,10225543,5,1,ZIK3MRW53Q,Wheat,./images_downloader_output/images/Wave1/Day5_2025-01-29/ZIK3MRW53Q
wheat,20250328_Charlotte_Rambla_EDPIE_Feb_2025,10201856,11,1,CVXCMKJX4Q,Wheat,./images_downloader_output/images/Wave1/Day11_2025-02-04/CVXCMKJX4Q
wheat,20250328_Charlotte_Rambla_EDPIE_Feb_2025,10203368,11,1,NNA4GPKT3J,Wheat,./images_downloader_output/images/Wave1/Day11_2025-02-04/NNA4GPKT3J
wheat,20250328_Charlotte_Rambla_EDPIE_Feb_2025,10204664,11,1,U8U8DNJT2D,Wheat,./images_downloader_output/images/Wave1/Day11_2025-02-04/U8U8DNJT2D
wheat,20250328_Charlotte_Rambla_EDPIE_Feb_2025,10205312,11,1,Y7WFRWBTYU,Wheat,./images_downloader_output/images/Wave1/Day11_2025-02-04/Y7WFRWBTYU
wheat,20250328_Charlotte_Rambla_EDPIE_Feb_2025,10205456,11,1,00EPWDRSZN,Wheat,./images_downloader_output/images/Wave1/Day11_2025-02-04/00EPWDRSZN
wheat,20250328_Charlotte_Rambla_EDPIE_Feb_2025,10206248,11,1,6CTQUU115D,Wheat,./images_downloader_output/images/Wave1/Day11_2025-02-04/6CTQUU115D
wheat,20250328_Charlotte_Rambla_EDPIE_Feb_2025,10207760,11,1,DB2L7Y705C,Wheat,./images_downloader_output/images/Wave1/Day11_2025-02-04/DB2L7Y705C
wheat,20250328_Charlotte_Rambla_EDPIE_Feb_2025,10208048,11,1,FQYNHNB3DM,Wheat,./images_downloader_output/images/Wave1/Day11_2025-02-04/FQYNHNB3DM
wheat,20250328_Charlotte_Rambla_EDPIE_Feb_2025,10211216,14,1,142QU1HI9A,Wheat,./images_downloader_output/images/Wave1/Day14_2025-02-07/142QU1HI9A
wheat,20250328_Charlotte_Rambla_EDPIE_Feb_2025,10211360,14,1,5Y3L2Y4G8Z,Wheat,./images_downloader_output/images/Wave1/Day14_2025-02-07/5Y3L2Y4G8Z
wheat,20250328_Charlotte_Rambla_EDPIE_Feb_2025,10211432,14,1,651DLVVNRJ,Wheat,./images_downloader_output/images/Wave1/Day14_2025-02-07/651DLVVNRJ
wheat,20250328_Charlotte_Rambla_EDPIE_Feb_2025,10211648,14,1,CFYQEFK1GA,Wheat,./images_downloader_output/images/Wave1/Day14_2025-02-07/CFYQEFK1GA
wheat,20250328_Charlotte_Rambla_EDPIE_Feb_2025,10211864,14,1,FELF97VMLR,Wheat,./images_downloader_output/images/Wave1/Day14_2025-02-07/FELF97VMLR
wheat,20250328_Charlotte_Rambla_EDPIE_Feb_2025,10212008,14,1,I8XHHWGOLE,Wheat,./images_downloader_output/images/Wave1/Day14_2025-02-07/I8XHHWGOLE
wheat,20250328_Charlotte_Rambla_EDPIE_Feb_2025,10212080,14,1,IR2IV8U8MH,Wheat,./images_downloader_output/images/Wave1/Day14_2025-02-07/IR2IV8U8MH
wheat,20250328_Charlotte_Rambla_EDPIE_Feb_2025,10212296,14,1,S3U6FKWD25,Wheat,./images_downloader_output/images/Wave1/Day14_2025-02-07/S3U6FKWD25
sorghum,20250204_july_2024_sorghum_diversity_screen,7723930,5,2,LNLG8DP9VD,Sorghum,./images_downloader_output/images/Wave2/Day5_2024-07-31/LNLG8DP9VD
sorghum,20250204_july_2024_sorghum_diversity_screen,7728682,5,2,WMC68A5N44,Sorghum,./images_downloader_output/images/Wave2/Day5_2024-07-31/WMC68A5N44
sorghum,20250204_july_2024_sorghum_diversity_screen,7736458,5,2,WWTZJL1N6X,Sorghum,./images_downloader_output/images/Wave2/Day5_2024-07-31/WWTZJL1N6X
sorghum,20250204_july_2024_sorghum_diversity_screen,9360612,5,3,0JR69TDW9B,Sorghum,./images_downloader_output/images/Wave3/Day5_2024-08-21/0JR69TDW9B
sorghum,20250204_july_2024_sorghum_diversity_screen,9362556,5,3,31D39EFM65,Sorghum,./images_downloader_output/images/Wave3/Day5_2024-08-21/31D39EFM65
sorghum,20250204_july_2024_sorghum_diversity_screen,9406764,5,4,4LKTDHPEE3,Sorghum,./images_downloader_output/images/Wave4/Day5_2024-09-04/4LKTDHPEE3
sorghum,20250204_july_2024_sorghum_diversity_screen,9410004,5,4,A56WSSN2DK,Sorghum,./images_downloader_output/images/Wave4/Day5_2024-09-04/A56WSSN2DK
sorghum,20250204_july_2024_sorghum_diversity_screen,9450540,5,5,4TKJZ7IJQI,Sorghum,./images_downloader_output/images/Wave5/Day5_2024-09-11/4TKJZ7IJQI
sorghum,20250204_july_2024_sorghum_diversity_screen,9458892,5,5,G12XFMKQ8J,Sorghum,./images_downloader_output/images/Wave5/Day5_2024-09-11/G12XFMKQ8J
sorghum,20250204_july_2024_sorghum_diversity_screen,9495756,5,6,R56S1NY61Y,Sorghum,./images_downloader_output/images/Wave6/Day5_2024-09-18/R56S1NY61Y
sorghum,20250204_july_2024_sorghum_diversity_screen,7703698,10,2,NDMF7VB4Y1,Sorghum,./images_downloader_output/images/Wave2/Day10_2024-08-05/NDMF7VB4Y1
sorghum,20250204_july_2024_sorghum_diversity_screen,7704274,10,2,OB4U254H0W,Sorghum,./images_downloader_output/images/Wave2/Day10_2024-08-05/OB4U254H0W
sorghum,20250204_july_2024_sorghum_diversity_screen,7707154,10,2,U1BHPFY17Y,Sorghum,./images_downloader_output/images/Wave2/Day10_2024-08-05/U1BHPFY17Y
sorghum,20250204_july_2024_sorghum_diversity_screen,7709602,10,2,ZPTKDDVIM7,Sorghum,./images_downloader_output/images/Wave2/Day10_2024-08-05/ZPTKDDVIM7
sorghum,20250204_july_2024_sorghum_diversity_screen,7712410,10,2,E8TN3YZ048,Sorghum,./images_downloader_output/images/Wave2/Day10_2024-08-05/E8TN3YZ048
sorghum,20250204_july_2024_sorghum_diversity_screen,9345708,10,3,90TRYG9QR7,Sorghum,./images_downloader_output/images/Wave3/Day10_2024-08-26/90TRYG9QR7
sorghum,20250204_july_2024_sorghum_diversity_screen,9384876,10,4,3LMFIZBW3N,Sorghum,./images_downloader_output/images/Wave4/Day10_2024-09-09/3LMFIZBW3N
sorghum,20250204_july_2024_sorghum_diversity_screen,9389556,10,4,C65RAOICM7,Sorghum,./images_downloader_output/images/Wave4/Day10_2024-09-09/C65RAOICM7
sorghum,20250204_july_2024_sorghum_diversity_screen,9439956,10,5,LZDTTHRADV,Sorghum,./images_downloader_output/images/Wave5/Day10_2024-09-16/LZDTTHRADV
sorghum,20250204_july_2024_sorghum_diversity_screen,9440316,10,5,N2WC9HXP3H,Sorghum,./images_downloader_output/images/Wave5/Day10_2024-09-16/N2WC9HXP3H
sorghum,20260105_Kimberly_Echegoyen_Sorghum_T2_SbTx430_Weep_2_08_December_2025,12413620,17,1,8QM9LQRX74,Sorghum,./images_downloader_output/images/Wave1/Day17_2025-12-22/8QM9LQRX74
sorghum,20260105_Kimberly_Echegoyen_Sorghum_T2_SbTx430_Weep_2_08_December_2025,12414340,17,1,3IGO31N563,Sorghum,./images_downloader_output/images/Wave1/Day17_2025-12-22/3IGO31N563
sorghum,20260105_Kimberly_Echegoyen_Sorghum_T2_SbTx430_Weep_2_08_December_2025,12415924,17,1,1JN60JOMOM,Sorghum,./images_downloader_output/images/Wave1/Day17_2025-12-22/1JN60JOMOM
sorghum,20260105_Kimberly_Echegoyen_Sorghum_T2_SbTx430_Weep_2_08_December_2025,12417292,17,1,ANOENIJJFF,Sorghum,./images_downloader_output/images/Wave1/Day17_2025-12-22/ANOENIJJFF
sorghum,20260105_Kimberly_Echegoyen_Sorghum_T2_SbTx430_Weep_2_08_December_2025,12419524,17,1,4VAZ22Z4TY,Sorghum,./images_downloader_output/images/Wave1/Day17_2025-12-22/4VAZ22Z4TY
